dataset,model,entropy_u_stat,entropy_p_value,margin_u_stat,margin_p_value
ag_news,llama3,22233.0,7.566078762872949e-32,95882.5,1.1681610377646449e-31
ag_news,gpt4omini,31903.0,4.691972487754051e-28,106471.0,5.8925536896154135e-28
ag_news,cohere,34924.0,4.8416772472292225e-43,139536.0,2.5762765236627536e-42
